{
  "0": 0.04395604395604396,
  "1": 0.056338028169014086,
  "2": 0.03555750658472344,
  "3": 0.06331976481230213,
  "4": 0.03636363636363636,
  "5": 0.05957767722473605,
  "6": 0.047619047619047616,
  "7": 0.06207482993197279,
  "8": 0.0753045404208195,
  "9": 0.10801393728222997,
  "10": 0.06341463414634146,
  "11": 0.10810810810810811,
  "12": 0.10810810810810811,
  "13": 0.07777777777777778,
  "14": 0.11428571428571428,
  "15": 0.05555555555555555,
  "16": 0.08412698412698413,
  "17": 0.09982174688057041,
  "18": 0.058823529411764705,
  "19": 0.0873440285204991,
  "20": 0.18371212121212122,
  "21": 0.12096774193548387,
  "22": 0.1028225806451613,
  "23": 0.1310483870967742,
  "24": 0.0625,
  "25": 0.1028225806451613,
  "26": 0.10967741935483871,
  "27": 0.06451612903225806,
  "28": 0.10752688172043011,
  "29": 0.1164021164021164,
  "30": 0.08994708994708994,
  "31": 0.1225071225071225,
  "32": 0.07692307692307693,
  "33": 0.11396011396011396,
  "34": 0.11692307692307692,
  "35": 0.08,
  "36": 0.15217391304347827,
  "37": 0.09420289855072464,
  "38": 0.14624505928853754,
  "39": 0.13438735177865613,
  "40": 0.10276679841897234,
  "41": 0.09090909090909091,
  "42": 0.25263157894736843,
  "43": 0.1736842105263158,
  "44": 0.1,
  "45": 0.21052631578947367,
  "46": 0.14210526315789473,
  "47": 0.12105263157894737,
  "48": 0.14619883040935672,
  "49": 0.14619883040935672,
  "50": 0.14619883040935672,
  "51": 0.19298245614035087,
  "52": 0.1111111111111111,
  "53": 0.1895424836601307,
  "54": 0.1111111111111111,
  "55": 0.1111111111111111,
  "56": 0.13725490196078433,
  "57": 0.1568627450980392,
  "58": 0.20261437908496732,
  "59": 0.11764705882352941,
  "60": 0.3014705882352941,
  "61": 0.13970588235294118,
  "62": 0.11764705882352941,
  "63": 0.14705882352941177,
  "64": 0.22058823529411764,
  "65": 0.16911764705882354,
  "66": 0.25833333333333336,
  "67": 0.25,
  "68": 0.2,
  "69": 0.14285714285714285,
  "70": 0.18681318681318682,
  "71": 0.2857142857142857,
  "72": 0.17582417582417584,
  "73": 0.15384615384615385,
  "74": 0.21794871794871795,
  "75": 0.20512820512820512,
  "76": 0.2727272727272727,
  "77": 0.18181818181818182,
  "78": 0.16666666666666666,
  "79": 0.2727272727272727,
  "80": 0.16666666666666666,
  "81": 0.36363636363636365,
  "82": 0.2,
  "83": 0.43636363636363634,
  "84": 0.18181818181818182,
  "85": 0.18181818181818182,
  "86": 0.18181818181818182,
  "87": 0.18181818181818182,
  "88": 0.36363636363636365,
  "89": 0.34545454545454546,
  "90": 0.23636363636363636,
  "91": 0.2,
  "92": 0.2,
  "93": 0.35555555555555557,
  "94": 0.2222222222222222,
  "95": 0.4166666666666667,
  "96": 0.2222222222222222,
  "97": 0.2857142857142857,
  "98": 0.25,
  "99": 0.42857142857142855,
  "100": 0.2857142857142857,
  "101": 0.35714285714285715,
  "102": 0.2857142857142857,
  "103": 0.2857142857142857,
  "104": 0.2857142857142857,
  "105": 0.2857142857142857,
  "106": 0.47619047619047616,
  "107": 0.3333333333333333,
  "108": 0.3333333333333333,
  "109": 0.3333333333333333,
  "110": 0.3333333333333333,
  "111": 0.3333333333333333,
  "112": 0.3333333333333333,
  "113": 0.3333333333333333,
  "114": 0.3333333333333333,
  "115": 0.3333333333333333,
  "116": 0.4666666666666667,
  "117": 0.4,
  "118": 0.4,
  "119": 0.4,
  "120": 0.4,
  "121": 0.4,
  "122": 0.4,
  "123": 0.5,
  "124": 0.4,
  "125": 0.4,
  "126": 0.5,
  "127": 0.4,
  "128": 0.5,
  "129": 0.5,
  "130": 0.5,
  "131": 0.5,
  "132": 0.5,
  "133": 0.5,
  "134": 0.5,
  "135": 0.5,
  "136": 0.5,
  "137": 0.6666666666666666,
  "138": 0.8333333333333334,
  "139": 0.5,
  "140": 0.5,
  "141": 0.5,
  "142": 0.5,
  "143": 0.6666666666666666,
  "144": 0.5,
  "145": 0.5,
  "146": 0.6666666666666666,
  "147": 0.6666666666666666,
  "148": 0.6666666666666666,
  "149": 0.6666666666666666,
  "150": 0.6666666666666666,
  "151": 0.6666666666666666,
  "152": 0.6666666666666666,
  "153": 0.6666666666666666,
  "154": 0.6666666666666666,
  "155": 0.6666666666666666,
  "156": 0.6666666666666666,
  "157": 1.0,
  "158": 1.0,
  "159": 1.0,
  "160": 1.0,
  "161": 1.0,
  "162": 1.0,
  "163": 1.0,
  "164": 1.0,
  "165": 1.0,
  "166": 1.0,
  "167": 1.0,
  "168": 1.0,
  "169": 1.0,
  "170": 1.0,
  "171": 1.0,
  "172": 1.0,
  "173": 1.0,
  "174": 1.0,
  "175": 1.0,
  "176": 1.0,
  "177": 1.0,
  "178": 1.0,
  "179": 1.0,
  "180": 1.0,
  "181": 1.0,
  "182": 1.0,
  "183": 1.0,
  "184": 1.0,
  "185": 1.0,
  "186": 1.0,
  "187": 1.0,
  "188": 1.0,
  "189": 1.0,
  "190": 1.0,
  "191": 1.0,
  "192": 1.0,
  "193": 1.0,
  "194": 1.0,
  "195": 1.0,
  "196": 1.0,
  "197": 1.0,
  "198": 1.0,
  "199": 1.0,
  "200": 1.0,
  "201": 1.0,
  "202": 1.0,
  "203": 1.0
}